Cluster	ID	Description	setSize	enrichmentScore	NES	pvalue	p.adjust	qvalues	rank	leading_edge	core_enrichment	count	GeneRatio	experiment_order
hour_6	D007107	Immune System	364	-0.41971623463166	-1.84168050966405	0.000115393491807062	0.0124758220502901	0.00973904781295599	1859	tags=35%, list=18%, signal=30%	Jon65Ai/pan/Mal-A4/Diap2/ItgaPS4/PGRP-LA/CG16775/Cam/NimB4/foxo/Itgbn/zetaTry/MtnD/CG34026/Cyt-b5/Alp10/Cyp6a21/AkhR/Tehao/IM3/egr/CG15068/Spn43Ad/CG15533/Myc/Atg8a/Dredd/CG6675/CG3106/Acbp3/CG5246/CG16749/Thor/CG3868/Rh7/IM1/IM2/Ugt36A1/Mal-A3/Gnmt/Mdr50/AstC-R2/sns/CG31343/Octalpha2R/CG11911/Clk/CG30043/AGO2/Drs/Muc68E/CG5107/CG4563/GNBP2/FASN1/NimB1/NimB5/Mal-A8/CG8774/Rel/Jon65Aiv/CG8773/Stat92E/lectin-37Db/Mtk/Jon74E/vig/spirit/PGRP-SA/CG4653/PGRP-SB2/Jon99Ci/vir-1/CG14500/TyrR/LManV/Octbeta1R/grass/Dh31-R/CG10477/CG7631/MtnB/Tep2/PlexB/Alp9/CG31704/mag/CG7025/CG12290/Ugt302E1/CG3505/CG13323/tim/Cyp6d5/CG16965/Mal-A6/CG5550/Drat/Hsp70Bc/PGRP-LF/Hsp23/CG14120/CG18585/Dif/LManIII/moody/CG6296/PGRP-SD/AttA/Hayan/Gbp1/MP1/CG11318/psh/GNBP3/Pdfr/lectin-24A/CG16713/DptA/smog/PGRP-SB1/GNBP-like3/CG18107/SPE/AttC/tsl/nec/Sardh/DptB	129	0.354395604395604	1
hour_6	D017667	Adipocytes	330	-0.395080007820475	-1.71960806399922	0.000116986429574169	0.0124758220502901	0.00973904781295599	1989	tags=29%, list=19%, signal=24%	foxo/CSN3/myo/beta'COP/ATPCL/Sec23/stmA/SPARC/CG7011/dsx/ci/TrpA1/DIP1/PH4alphaEFB/Tango1/RpI1/alphaTub84B/AkhR/zip/CG7461/egr/Myc/Atg8a/CG5033/Vps2/CG4364/Nipped-A/CG13384/LanB1/Thor/mdy/gammaCOP/CG1607/Alp4/repo/yip2/Fer1HCH/Rbfox1/Hsc70-3/Sar1/bun/wdp/tobi/Drs/Src42A/FASN1/Mal-A8/Ebp/Rel/Stat92E/Agpat4/scb/AcCoAS/ps/Chc/ACC/UGP/Pgm1/cpx/nolo/apolpp/Obp99b/Ilp6/w/nSyb/Lsp1alpha/Mal-A6/Hex-C/CG32204/Sodh-1/Mmp1/AdipoR/Yp2/Dif/if/AttA/Hn/Galk/lncRNA:roX1/LKRSDH/Antp/CG17646/Mtp/Spat/DptA/Adh/CG11236/Mal-B2/fit/CG31326/Yp3/Sardh/CG2736/Ndg/Lsp1beta/Lsd-1	96	0.290909090909091	1
hour_6	D014817	Vitelline Membrane	265	-0.510444845224629	-2.18075342502427	0.000120192307692308	0.0124758220502901	0.00973904781295599	1373	tags=35%, list=13%, signal=32%	CG13083/LysE/CrebA/tud/IM1/shf/IM2/Mur2B/CG14406/Cp7Fc/Jon65Aiii/Pif1A/Cp7Fa/CG15120/CG34426/Drs/CG9396/FASN1/NimB1/CG11381/CG3999/ap/Rel/Jon65Aiv/CG43085/SLC22A/Mtk/Jon74E/Tret1-2/spirit/dec-1/PGRP-SA/amd/PGRP-SB2/Jon99Ci/UGP/Spn42Da/Orct/Spn42Dd/Odc1/Tep2/Obp99b/lectin-28C/CG13641/Cyp4p3/CG15385/w/Nepl13/ry/CG3348/CG3505/Ubi-p63E/CG18067/CG5493/Glt/PGRP-LF/Nepl17/Cyp309a2/Yp2/Tsf1/LManIII/Smvt/AttB/CG10516/PGRP-SD/AttA/CG10621/Prat2/CG9447/CG9649/Cyp6w1/Esyt2/Obp99a/lectin-24A/CG16713/DptA/CG4757/Nepl10/PGRP-SB1/CG34136/alpha-Est2/fit/Tret1-1/AttC/Yp3/tsl/CG6067/Ndg/DptB/Ugt37A3/Lsp1beta/Lsp2/CG30281/Hsp70Bb	94	0.354716981132075	1
hour_6	D003315	Cornea	30	-0.681653406554414	-2.07871682202964	0.00015976993129893	0.0124758220502901	0.00973904781295599	599	tags=33%, list=6%, signal=32%	Crys/w/tau/Cpr72Ec/Rh6/Rh5/Rh3/ninaC/ninaE/retinin	10	0.333333333333333	1
hour_6	D059330	GABAergic Neurons	70	-0.535036950602991	-1.91954882242454	0.000290486564996369	0.0124758220502901	0.00973904781295599	1810	tags=41%, list=17%, signal=34%	dsx/TrpA1/jus/CG11898/qvr/DAT/Thor/fru/tud/nAChRalpha7/Rdl/nAChRalpha6/VGAT/Gad1/Syt1/DopEcR/msl-2/Syn/nSyb/Nmdar1/nAChRbeta1/nAChRalpha5/para/VGlut/nAChRalpha3/CG17646/Gat/alrm/Dop1R1	29	0.414285714285714	1
hour_6	D008526	Medulla Oblongata	62	-0.562035482944777	-1.97151413242021	0.000294941749004572	0.0124758220502901	0.00973904781295599	1678	tags=40%, list=16%, signal=34%	CadN/hth/cry/Myc/tutl/Nplp1/fru/repo/ChAT/GluClalpha/Gad1/Syt1/chp/brp/Syn/Con/Pdp1/nSyb/tim/pros/VGlut/Rh6/Rh5/Rh3/ninaE	25	0.403225806451613	1
hour_6	D016631	Lewy Bodies	60	-0.60278612219579	-2.10209970929349	0.00029603315571344	0.0124758220502901	0.00973904781295599	627	tags=27%, list=6%, signal=25%	Cyp6a8/apolpp/Ubi-p5E/w/nSyb/Ubi-p63E/Cyp6a2/Hsp70Bc/pug/Acsl/Hn/Hsp70Bbb/alpha-Est2/CG6870/Hsp70Ba/Hsp70Bb	16	0.266666666666667	1
hour_6	D020541	Coiled Bodies	63	0.506253948709895	2.00940031411548	0.000313381385145722	0.0124758220502901	0.00973904781295599	1971	tags=37%, list=19%, signal=30%	snoRNA:Me28S-U3344b/RpL34b/kis/cid/mod(mdg4)/Psc/mxc/snRNA:U1:95Cc/Hers/otu/wge/Smn/polo/apt/Fib/snoRNA:Psi28S-291/tral/Lsm11/snRNA:U1:82Eb/Spt6/snoRNA:Psi28S-3327a/Df31/Slbp	23	0.365079365079365	1
hour_6	D054657	Ribosome Subunits	93	0.623970998438919	2.65903037997997	0.000355492356914326	0.0124758220502901	0.00973904781295599	1062	tags=39%, list=10%, signal=35%	RpL22/RpL26/RpS8/RpL8/RpS25/RpL19/RpS21/RpL28/RpL13A/RpS26/RpS9/RpL27A/RpL13/RpS19a/RpL17/RpS24/RpL37A/RpL24/RpS6/RpS20/RpL32/RpL3/RpL35A/RpLP1/RpS23/RpL10Ab/RpL4/RpL27/RpS10a/RpS27/RpL15/RpL12/RpL5/RpL7A/RpL39/RpL18A	36	0.387096774193548	1
hour_6	D002473	Cell Wall	73	-0.518977050385651	-1.87589905724595	0.000433651344319167	0.0124758220502901	0.00973904781295599	1603	tags=30%, list=15%, signal=26%	CG42514/pic/Dredd/Rab6/CG13384/Drs/Rel/PGRP-SA/PGRP-SB2/Jon99Ci/Lmpt/PGRP-LF/Dif/PGRP-SD/AttA/psh/GNBP3/DptA/PGRP-SB1/SPE/DptB/CG15553	22	0.301369863013699	1
hour_6	D015726	Giant Cells	166	0.358792214556977	1.67403011094805	0.000443458980044346	0.0124758220502901	0.00973904781295599	1770	tags=27%, list=17%, signal=22%	zld/Hand/Smr/Dhc64C/cid/toc/bcd/Psc/slam/Apc2/Vrp1/His3.3A/alphaTub67C/spg/ph-d/dome/Mbs/htl/grp/nbs/His3.3B/rst/vsg/rols/Map60/scra/CycB3/baz/cav/nos/rictor/lok/mspo/CycB/Patj/kirre/Rok/flw/shot/mei-41/fs(1)N/Tpi/Tor/upd1	44	0.265060240963855	1
hour_6	D013573	Synaptonemal Complex	170	0.361873140512428	1.69137732808983	0.000448631673396142	0.0124758220502901	0.00973904781295599	3217	tags=44%, list=31%, signal=31%	Dhc64C/cid/mei-W68/mei-38/mod(mdg4)/CycE/twe/SA-2/Klp10A/Actn/lid/nod/osk/alphaTub67C/p53/mei-S332/cort/mtrm/mei-P22/orb/grp/Su(var)3-3/sub/polo/CG4788/scra/Imp/mei-P26/c(2)M/dup/endos/lok/bam/CycB/fzy/mei-41/Grip75/Cks30A/C3G/wech/spn-A/vas/Cap-G/tum/Mps1/Axs/klar/elgi/tef/wisp/Grip128/corolla/Ercc1/Blm/Klp61F/pch2/Acyp2/asp/vilya/rod/CstF64/ND-30/mud/CG18787/ord/CanB2/piwi/glu/CG5001/Mcm5/cv-c/Hira/gammaTub37C/rec/Hus1-like	75	0.441176470588235	1
hour_6	D014795	Visual Pathways	328	-0.363189728471575	-1.58006416126948	0.000468933177022274	0.0124758220502901	0.00973904781295599	2222	tags=31%, list=21%, signal=25%	Dyrk3/Syx1A/rdgA/Pka-C1/pan/peb/eff/Cam/elav/shakB/Lim3/myo/Alk/fra/mbm/ci/TrpA1/alphaTub84B/fz2/Gycalpha99B/CadN/hth/cry/vvl/brk/Galphaq/DAT/tutl/CG12344/Thor/fru/sli/ninaB/inaD/elB/repo/bnl/nAChRalpha7/cac/Decay/dally/SK/st/Rdl/Dscam2/Clk/nAChRalpha6/ChAT/VGAT/jeb/ap/GluClalpha/mAChR-A/Gad1/Syt1/sd/chp/Chc/brp/bdl/Con/slo/nrv2/e/pHCl-2/w/ry/Pdp1/nSyb/tim/pros/noc/inaC/babos/Mmp1/Nmdar1/nAChRbeta1/nAChRalpha5/h/moody/FMRFa/para/daw/VGlut/nAChRalpha3/trpl/Rh6/v/Rh5/Rh3/Pdfr/CG1090/Dr/Ekar/Adh/alrm/ninaC/sv/ninaE/trp/toy	101	0.307926829268293	1
hour_6	D002502	Centrioles	196	0.37224127498354	1.77590536575046	0.000482625482625483	0.0124758220502901	0.00973904781295599	2849	tags=39%, list=27%, signal=29%	Dhc64C/cid/Nek2/bcd/dj/grk/mod(mdg4)/twe/ana3/fy/Klp10A/osk/alphaTub67C/rux/Rfx/orb/Map205/ago/Topors/Grip84/spd-2/polo/dgo/Rca1/N/Map60/pon/scra/baz/fz/ana1/Roc1a/ana2/aurA/Rcd7/Jupiter/neur/bam/stg/Act5C/Poc1/CycB/fzy/shot/mei-41/dsh/Grip75/Skp2/Cdk8/vas/pk/Myt1/Plp/geminin/Cenp-C/MED14/Rcd6/klar/prod/Ubc6/Cdc42/unc/Grip128/Sas-6/Klp61F/stan/Cep135/ctp/mh/asp/chb/Rab8/Rab11/dpn/Bug22/Nup154/mud	77	0.392857142857143	1
hour_6	D020405	Dermis	18	-0.736161056505369	-1.99929030199666	0.000504286434694907	0.0124758220502901	0.00973904781295599	583	tags=67%, list=6%, signal=63%	pain/TrpA1/cry/repo/e/w/trpl/Rh6/Rh5/Rh3/ninaE/trp	12	0.666666666666667	1
hour_6	D020419	Photoreceptor Cells, Vertebrate	167	-0.409731236288544	-1.66938092707486	0.000515796260477112	0.0124758220502901	0.00973904781295599	1648	tags=28%, list=16%, signal=24%	hth/cry/Aldh/Trp1/Galphaq/Bdbt/CG10407/CCT2/Dtd/ITP/amon/Alp4/repo/CG6912/Octalpha2R/CngA/svp/Mtk/scb/CG42260/chp/Arr1/brp/Syn/dve/slo/CG17633/eys/Cyp4p3/tim/Cyp12a4/Cyp6a2/pros/h/if/daw/VGlut/sky/Rh6/Rh5/Rh3/fipi/ninaE/CG18107/Arr2/Cpn/toy	47	0.281437125748503	1
hour_6	D010057	Oviducts	86	-0.481380589155215	-1.78373198502832	0.000565291124929339	0.0127461959027732	0.00995011076865472	2176	tags=40%, list=21%, signal=32%	Pka-C1/peb/IP3K2/Oamb/Sec23/TrpA1/hth/Cyp4e2/Thor/eag/tud/IM1/Gpo1/Drs/Ebp/CG11594/Mtk/bt/TyrR/Octbeta1R/Pgm1/Acp36DE/inaC/Nepl21/AttB/AttA/jhamt/DptA/CG4757/PGRP-SB1/fit/Tps1/AttC/DptB	34	0.395348837209302	1
hour_6	D018386	Kinetochores	291	0.315804634370338	1.57710756336249	0.000621890547263682	0.0127461959027732	0.00995011076865472	2673	tags=35%, list=26%, signal=27%	Rab27/dgt4/Dhc64C/cid/mei-W68/mei-38/borr/mod(mdg4)/Br140/ana3/Apc2/SA-2/Klp10A/pim/nod/alphaTub67C/Sse/Nnf1b/p53/mei-S332/feo/mars/Kebab/lva/orb/Cap-D2/Map205/grp/msd1/Bub1/pcm/sub/Grip84/spd-2/dgt3/shtd/polo/Act42A/Fib/Map60/scra/CycB3/HipHop/dgt1/thr/ana1/cav/rev7/Apc/dup/Prosbeta7/tzn/ana2/neb/aurA/Chrac-14/cal1/stg/Act5C/CycB/dgt2/fzy/grsm/mei-41/Grip75/Cks30A/CG11737/Hmg-2/Cap-G/CG31251/dgt6/Plp/tum/Mps1/Cenp-C/cos/raptor/CG31454/fzr2/prod/Ubc6/Kmn1/CG6227/CG3548/Klp67A/ab/Syx17/Patronin/tef/Klp98A/Grip128/Nup358/dmt/Sas-6/Klp61F/pch2/Drep2/mh/asp/chb/barr/Spc25/Ndc80	103	0.353951890034364	1
hour_6	D002842	Chromatids	288	0.337413654386577	1.68127180718583	0.000625782227784731	0.0127461959027732	0.00995011076865472	2747	tags=39%, list=26%, signal=30%	kis/Dhc64C/cid/osa/mam/e(y)3/mod(mdg4)/px/CycE/ush/ocm/SA-2/Klp10A/pim/RpL32/lid/nod/alphaTub67C/Sse/rux/CG12535/mei-S332/mtrm/Mst87F/otu/Bap111/wapl/bdg/odd/Irbp/orb/Bap170/Cap-D2/grp/RfC38/Hmr/hang/Sin3A/CG15356/sub/Su(var)2-10/polo/Bre1/N/Fib/nol/c(2)M/Nse4/thr/bw/ana1/Chi/simj/CG3815/dup/Sod1/HP1b/neb/Jupiter/stg/Act5C/CycB/Ote/fzy/CG14434/Dlip3/ttk/CG10237/Nse1/CG7154/ash1/PI4KIIIalpha/upd1/vas/Cap-G/CG9062/RAF2/klar/prod/CG7458/nonC/Bx42/cpo/Caf1-105/dl/NaPi-III/Klp67A/brm/stau/RpII215/Mhc/Ran/lt/Sce/Zip88E/da/eco/Blm/dmt/Klp61F/Dl/rl/EcR/RfC3/Nop60B/asp/chb/barr/asf1/Ctf4/rod/Su(H)/Cap-D3	113	0.392361111111111	1
hour_6	D036703	Blastula	161	0.343247618163203	1.59416158480018	0.000881445570736007	0.0165774255729278	0.0129408979720666	1999	tags=30%, list=19%, signal=24%	zld/brat/hb/cid/toc/Yp1/plu/bcd/dop/twe/spri/slam/CG15382/snRNA:U1:95Cc/CG5888/RpL3/alphaTub67C/png/CG14561/CG4570/odd/grp/RpII15/polo/scra/CycB3/Taf4/nos/Cdk7/tral/Sod1/lok/stg/CycB/ttk/zen/bnb/kuk/mei-41/snRNA:U1:82Eb/beat-Ia/wech/upd1/Myt1/geminin/robo2/Slbp/twin	48	0.298136645962733	1
hour_6	D007908	Lens, Crystalline	36	-0.596998838545334	-1.88741421431992	0.000948017064307158	0.0165774255729278	0.0129408979720666	599	tags=28%, list=6%, signal=26%	Crys/w/tau/pros/Cpr72Ec/h/Antp/sv/toy/retinin	10	0.277777777777778	1
hour_6	D009685	Nuclear Envelope	449	0.311104769594931	1.61862769769479	0.000956022944550669	0.0165774255729278	0.0129408979720666	2661	tags=37%, list=26%, signal=29%	nej/kis/Dhc64C/cid/toc/plu/tou/bif/Hsp27/Gug/bcd/osa/dj/Magi/grk/Ca-Ma2d/e(y)3/mod(mdg4)/CycE/twe/Chd3/slam/Apc2/Klp10A/Med/His3.3A/Pen/CG15382/Sec16/osk/alphaTub67C/png/fs(1)Ya/Saf-B/spg/Nup205/Ca-alpha1D/CG11399/Cyp28d2/SERCA/CG10916/Atg1/SmB/mtrm/spir/otu/Tab2/ea/CG43736/CG1486/Mbs/wapl/HDAC4/xmas/Cap-D2/grp/ago/Sec13/esc/nbs/kst/His3.3B/Sin3A/Topors/sub/Grip84/spd-2/RpII15/polo/Act42A/apt/N/Fib/CG6927/CycB3/baz/bw/Taf4/nos/CG9426/snk/endos/Sod1/HP1b/aurA/lok/Dsor1/PR-Set7/neur/CG4049/bam/stg/Act5C/CycB/Ote/Patj/rhi/Hsp26/aph-1/zen/bnb/Rcc1/kuk/CG8036/HnRNP-K/Ada2b/Tip60/Grip75/ey/Elys/tor/wech/spn-A/vas/Cap-G/CG8929/bs/LBR/e(y)2/Chro/fwd/gcl/MTA1-like/Etl1/CycK/Nup98-96/klar/CG18190/DAAM/elgi/RpL9/capu/Sep5/Elba2/tkv/Svil/dl/Hel89B/brm/Nup107/Atg17/stau/RpII215/Mhc/Ran/CG15435/Sce/Jra/Nup44A/Dp/PAPLA1/E(z)/TORIP/Shark/Dl/ATPsyngamma/rl/rad50/EcR/CG1815/mh/asp/Mad/18w/CecA1/barr	166	0.369710467706013	1
hour_6	D022005	Adherens Junctions	460	0.260172943584092	1.3543587824922	0.000985221674876847	0.0165774255729278	0.0129408979720666	2251	tags=27%, list=22%, signal=22%	Hand/nej/kis/Dhc64C/pyd/bif/bcd/Mical/Magi/grk/CycE/Abl/rhea/RhoGEF64C/NetB/dpy/Efa6/slam/Mrtf/Apc2/a/fy/Klp10A/mask/cno/rho/H/osk/yki/mbt/ksr/alphaTub67C/PDZ-GEF/Btk29A/Fhos/CG10702/Dlg5/LIMK1/sev/Tab2/lva/Mbs/wts/odd/Drice/orb/Vav/Mer/kst/rst/slbo/Nuak1/Act42A/Syx16/crok/Bre1/N/fz3/kune/pon/scra/sktl/baz/fz/Sema1b/nos/Apc/Csk/step/cpb/Rad60/ssh/Jupiter/bam/stg/Act5C/Patj/sav/S/Lkb1/ttk/Rok/zen/Roc2/flw/shot/fliI/Traf6/muskelin/dsh/yrt/CG17129/Tor/CG1146/upd1/vas/Asap/CycD/pk/sas/spz/Sos/nkd/bs/RhoGEF2/Plp/Inx2/awd/Drak/Shrm/Sema1a/CG3651/DAAM/gny/capu/hep/Sep5/tkv/Cdc42/dl/Vinc/Sik3/CG6656	123	0.267391304347826	1
hour_6	D001773	Blood Cells	218	0.325035613827766	1.56850746421734	0.00104766893661603	0.0168936616029335	0.0131877624916141	2288	tags=34%, list=22%, signal=27%	brat/CG10543/Sr-CI/RpL13A/E(Pc)/abd-A/PPO2/osa/Pxn/CycE/ush/RpL37A/mxc/Sp7/PPO3/RpS6/RpS19b/rho/yki/RpLP1/PDZ-GEF/chn/spen/Pvf2/Bap111/CycT/dome/PPO1/odd/zfh1/Muc11A/MED1/Sin3A/Pvf1/dgt3/MED11/MED4/rols/N/mei-P26/sta/Hml/dup/Duox/Roc1a/rictor/Dsor1/PR-Set7/ND-75/bam/stg/ttk/Pdk1/RpS3/cher/CG8944/CG6066/Skp2/Tor/mol/Rpt5/spz/Myt1/raptor/twin/MED14/upd3/RpL9/hep/Cdc42/Vinc/ND-42/Rpt2/brm/gig	75	0.344036697247706	1
hour_6	D002479	Inclusion Bodies	179	-0.388297330708045	-1.59429123065282	0.00127372309259967	0.0197172334734429	0.0153919380032044	2298	tags=28%, list=22%, signal=22%	14-3-3zeta/futsch/Syx1A/LamC/Pcyt1/eff/Cam/elav/Hsc70-5/Npc1a/beta'COP/RpLP0/smt3/Kat60/Ythdc1/Appl/Atg8a/mdy/gammaCOP/Cdk9/Desat1/Mdr50/sns/Pect/Ptp52F/GNBP2/FASN1/ap/Rel/Syt1/chp/Chc/Mdr65/Ubi-p5E/w/tau/Ubi-p63E/pros/Hsp70Bc/Acsl/GNBP3/Obp99a/Hsp70Bbb/Adh/ninaE/Tret1-1/nec/Lsd-1/Hsp70Ba/Hsp70Bb	50	0.279329608938547	1
hour_6	D008861	Microsomes	62	-0.506010686399006	-1.77498974649135	0.00147470874502286	0.0219504724739941	0.0171352797498607	1002	tags=27%, list=10%, signal=25%	GstE3/Gpo1/Prx3/Mgat2/Sh/chp/Had1/w/ry/Lsp1alpha/Cyp6a2/Yp2/GstE9/Adh/Yp3/Lsp1beta/Lsp2	17	0.274193548387097	1
hour_6	D010586	Phagocytes	110	-0.430798025835462	-1.66048229414077	0.00190839694656489	0.02735368956743	0.0213532133982114	1262	tags=27%, list=12%, signal=24%	Itgbn/MtnD/alphaTub84B/egr/Appl/b/Rab9/repo/mbc/Pdi/Drs/Src42A/Rel/Stat92E/Mtk/scb/Uro/PGRP-SA/brp/w/Eaat1/Mmp1/Dif/AttB/AttA/DptA/alrm/GNBP-like3/AttC/DptB	30	0.272727272727273	1
hour_6	D001253	Astrocytes	230	-0.366562253470155	-1.54456631416604	0.00209024960039346	0.0288902355482953	0.0225526930568768	1551	tags=31%, list=15%, signal=27%	NHP2/CG6071/Diap2/wrapper/elav/shakB/CG10576/Bsg/myo/fra/Lapsyn/TrpA1/Nsun2/Gycalpha99B/egr/CG4364/Rab6/CG10514/CG10407/GstD3/metro/CG18547/Rab9/repo/Csas/cac/dally/mbc/D2hgdh/Ldh/Clk/Src42A/Stat92E/Gad1/Mtk/Drip/brp/Nmdmc/slo/nrv2/CG12224/Fatp1/unc-5/e/Sox102F/CG13641/mod/Pdp1/tim/pros/Eaat1/Gp150/Gs2/mGluR/Mmp1/Nmdar1/tsh/CG14642/AttA/VGlut/CG11459/Eaat2/CDase/Gat/lectin-24A/Ekar/CG3397/alrm/ninaE/Sardh/CG15553	71	0.308695652173913	1
hour_6	D003335	Corpora Allata	95	-0.441006509397121	-1.6610926603925	0.00264182424916574	0.0352546891181773	0.0275210003452112	1741	tags=32%, list=17%, signal=27%	AkhR/to/CadN/cry/Aldh/vvl/Atg8a/Jheh1/Thor/repo/gce/svp/ap/Eip93F/Obp99b/e/Ilp6/w/nSyb/Lsp1alpha/tim/Nmdar1/Yp2/jhamt/Antp/Adh/Yp3/Kr-h1/Dop1R1/Lsp2	30	0.315789473684211	1
hour_6	D012156	Reticulocytes	13	-0.754475200517496	-1.87627385594241	0.00296064089167537	0.0372541658243567	0.029081859354251	83	tags=38%, list=1%, signal=38%	msl-2/ninaE/Lsp1beta/Lsp2/Hsp70Bb	5	0.384615384615385	1
hour_6	D001808	Blood Vessels	52	0.454049081150362	1.73085441862339	0.00298418382572366	0.0372541658243567	0.029081859354251	3044	tags=44%, list=29%, signal=31%	Hand/mam/Pxn/grk/NetB/dpy/lin/wun2/Pvf2/ect/Pvf1/rhi/tor/Sos/tkv/CSN4/Ptp4E/Epac/rl/sax/salm/kkv/sim	23	0.442307692307692	1
hour_6	D012639	Seeds	17	-0.68677893578519	-1.83939275007417	0.00322033898305085	0.0379085241703575	0.0295926735669593	447	tags=29%, list=4%, signal=28%	Sar1/Hsp70Bc/Hsp70Bbb/Hsp70Ba/Hsp70Bb	5	0.294117647058824	1
hour_6	D018870	Endoplasmic Reticulum, Rough	11	0.726309623253842	1.85480925824598	0.00323250981297622	0.0379085241703575	0.0295926735669593	869	tags=55%, list=8%, signal=50%	RpS8/RpS25/bcd/RpL24/RpS6/RpL12	6	0.545454545454545	1
hour_6	D011689	Purkinje Cells	62	0.435521755307987	1.72571320262442	0.00341508848183794	0.038871742425626	0.0303445942503866	2635	tags=42%, list=25%, signal=32%	mei-W68/tou/mms4/gkt/mus81/mus101/CG8841/Irbp/grp/CG5181/Gen/Chrac-14/Ssl1/spn-A/Pms2/Atx-1/DNApol-epsilon255/Ubc6/Msh6/da/Ercc1/CG12728/Blm/Xpd/rad50/ben	26	0.419354838709677	1
hour_6	D005835	Genitalia	296	-0.335071109817279	-1.44553850071366	0.00356167636234121	0.0393819643493156	0.0307428907065241	901	tags=28%, list=9%, signal=26%	Sxl/pirk/Tpst/imd/drl/Pka-C1/TfIIFalpha/CG15097/Diap2/CG1646/CG10211/CG17234/CG43066/Dcp-1/foxo/Cyp4p2/Cyp6a14/bab2/dsx/ci/CG15279/to/Gr89a/hth/Dredd/CG30427/DAT/NAAT1/Amyrel/fru/tud/Gal/CG5455/bnl/Sply/dally/Lrp4/Drs/ap/Rel/CG7702/CG9547/Mtk/euc/dec-1/msl-2/CG42342/dve/Spn42Dd/Obp99b/Cyp6g1/w/Acp36DE/Spn75F/CG18067/CG17239/CG3097/PGRP-LF/inaC/Phk-3/Yp2/tsh/CG14642/AttA/v/Cyp6w1/Antp/CG4847/Gat/CG1090/Dr/DptA/Spn43Ab/CG42613/teq/CG10804/AttC/Yp3/nec/Ndg/CG6426/Gbs-76A/toy	83	0.280405405405405	1
hour_6	D006624	Hippocampus	70	-0.460045702716914	-1.65050317724128	0.0037763253449528	0.0405954974582426	0.0316902156140776	2975	tags=47%, list=29%, signal=34%	Vha100-1/sgg/dnc/par-1/pbl/eas/CaMKII/GM130/Nab2/elav/Dysb/Sec23/Vps35/CadN/Appl/DAT/Sar1/kcc/Rdl/ChAT/mAChR-A/Syt1/scb/Sh/chp/brp/Octbeta1R/cpx/tau/Nmdar1/trpl/ninaE/trp	33	0.471428571428571	1
hour_6	D002876	Chromosomes, Bacterial	22	-0.62365546278557	-1.76724440628969	0.00416319733555371	0.0423334166770846	0.0330468940196472	2144	tags=50%, list=21%, signal=40%	pan/zfh2/CaMKI/ci/unc-13/bt/apolpp/PlexB/mGluR/sv/toy	11	0.5	1
hour_6	D008198	Lymph Nodes	217	0.294122910921065	1.41928820462388	0.00417318727177882	0.0423334166770846	0.0330468940196472	2288	tags=31%, list=22%, signal=25%	Hand/nej/RpS8/CG10543/Sr-CI/RpL13A/osa/Pxn/CycE/ush/ocm/RpL37A/mxc/PPO3/RpS6/RpS19b/yki/RpLP1/spen/Pvf2/Bap111/CycT/dome/PPO1/odd/Bgb/Muc11A/MED1/Sin3A/Grip84/Su(var)2-10/dgt3/MED11/MED4/N/sta/Hml/Roc1a/bip1/rictor/PR-Set7/bam/CycB/ttk/Pdk1/RpS3/CG8944/CG6066/Tor/mol/Rpt5/Myt1/Rrp40/Plp/raptor/twin/MED14/trx/Nup98-96/upd3/RpL9/tkv/Cdc42/dl/cact/Rpt2/brm/gig	68	0.313364055299539	1
hour_6	D019581	Neuropil	194	-0.359359082070944	-1.48710662158984	0.00429022082018927	0.0423334166770846	0.0330468940196472	2298	tags=32%, list=22%, signal=25%	14-3-3zeta/futsch/drl/Syx1A/Pka-C1/peb/elav/shakB/Oamb/CG15721/Lim3/fra/mbm/SPARC/Syx4/ci/zip/CadN/egr/hth/cry/vvl/ITP/sli/Alp4/repo/st/Rdl/sesB/ChAT/svp/Gad1/Syt1/Sh/chp/brp/Syn/Con/nrv2/fne/PlexB/VAChT/unc-5/e/w/nSyb/tim/pros/Eaat1/rad/Gs2/mGluR/yuri/moody/tsh/VGlut/Eaat2/Rh6/Rh5/Nep4/alrm/Dop1R1	62	0.319587628865979	1
hour_6	D002628	Chemoreceptor Cells	207	-0.35764886343693	-1.49026053973744	0.00437554694336792	0.0423334166770846	0.0330468940196472	2499	tags=35%, list=24%, signal=27%	dpr8/Gr59f/Ir25a/wtrw/Gyc88E/GMF/Obp19d/IP3K1/14-3-3zeta/Obp56f/futsch/Frq1/drl/ATP8B/dpr15/BI-1/pain/elav/shakB/foxo/kek1/dpr20/Obp83ef/mbm/Ir62a/dsx/TrpA1/Gycalpha99B/Obp56g/Gr89a/Galphaq/Galphaf/ppk19/Obp56a/fru/inaD/repo/Desat1/CG4587/ppk20/Syt1/scb/DopEcR/Sh/chp/brp/Syn/Pkd2/Obp99b/Gbeta76C/Ilp6/w/ry/tau/Pdp1/nSyb/tim/pros/Obp99c/mGluR/Npc1b/dpr14/h/para/Ggamma30A/Hf/trpl/v/Antp/Obp99a/Obp57c/sv/trp	73	0.352657004830918	1
hour_6	D006329	Heart Conduction System	36	-0.553875473519515	-1.75107952342277	0.00458208247748459	0.0432503882630863	0.0337627129919918	1930	tags=33%, list=19%, signal=27%	CapaR/Ace/sls/sli/mAChR-A/Dh31-R/e/Ih/tok/para/Cyt-b5-r/CG6870	12	0.333333333333333	1
hour_6	D002970	Cleavage Stage, Ovum	124	0.335668003481218	1.50343509967109	0.0050880626223092	0.0468828627341348	0.0365983451780135	1953	tags=31%, list=19%, signal=25%	hb/abd-A/plu/bcd/slam/Hr4/rho/csw/osk/alphaTub67C/png/vnd/ph-d/feo/ea/Mbs/wapl/odd/grp/zfh1/polo/N/Abd-B/scra/fz/nos/snk/stg/Rok/zen/fliI/mei-41/tor/Asap/Sos/RhoGEF2/tum/fwd	38	0.306451612903226	1
hour_6	D006412	Hematopoietic Stem Cells	240	0.28517224372926	1.39617673391361	0.00545553737043099	0.0490998363338789	0.0383289896037624	2288	tags=31%, list=22%, signal=25%	Hand/RpS8/CG10543/RpL13A/E(Pc)/osa/Pxn/CycE/ush/ocm/edl/RpL37A/mxc/RpS6/RpS19b/osk/yki/RpLP1/Btk29A/spen/Pvf2/Bap111/CycT/dome/htl/PPO1/odd/Muc11A/MED1/Sin3A/dgt3/polo/MED11/MED4/N/sta/Hml/nos/pum/Roc1a/bip1/rictor/Arp2/PR-Set7/neur/ND-75/bam/Pi3K21B/ttk/Pdk1/RpS3/CG8944/CG6066/Tor/upd1/mol/Rpt5/Myt1/cas/Rrp40/Rbf/awd/raptor/twin/MED14/Nup98-96/upd3/RpL9/tkv/Cdc42/cact/ND-42/Rpt2/brm/gig	75	0.3125	1
hour_6	D006413	Hematopoietic System	60	0.419524503185139	1.64868912107117	0.00585335797905114	0.0510139329562698	0.0398231980373982	1223	tags=32%, list=12%, signal=28%	Hand/bcd/Pxn/ush/DCTN3-p24/RyR/rut/Pvf2/dome/Ten-m/PPO1/odd/Wnt4/Bgb/Sin3A/Pvf1/N/fz/Hml	19	0.316666666666667	1
hour_6	D006198	Hair Cells, Auditory	99	-0.416023886453761	-1.57745401962161	0.0059318526693337	0.0510139329562698	0.0398231980373982	2282	tags=31%, list=22%, signal=25%	CAP/futsch/rdgA/jar/Cam/Cds/rtp/zip/ck/kek4/inaD/CG9279/cac/santa-maria/Ank2/laza/Sh/Gbeta76C/eys/inaC/yuri/Ggamma30A/trpl/Eaat2/Rh6/Rh5/Rh3/Ekar/ninaC/trp/Arr2	31	0.313131313131313	1
hour_6	D022101	Microtubule-Organizing Center	98	0.359674104652482	1.54817538840798	0.0061173083843109	0.0514651814071374	0.0401754578100052	2716	tags=36%, list=26%, signal=27%	Dhc64C/bcd/grk/CycE/nocte/Klp10A/osk/spg/orb/Grip84/spd-2/polo/baz/ana2/aurA/lok/Act5C/Lkb1/mei-41/Grip75/vas/Plp/klar/capu/stau/Grip128/Sas-6/Klp61F/Cep135/mh/asp/chb/EloC/Rab11/swa	35	0.357142857142857	1
hour_6	D012661	Semen	115	-0.397816552720641	-1.54161599311118	0.0065137739177636	0.0536346916207344	0.0418690507144044	1349	tags=30%, list=13%, signal=27%	fru/tud/Alp4/CG31872/CG31272/Cys/Drs/ChAT/CG10433/Snap25/Ebp/Spn28B/Mtk/CG17097/dve/Spn42Dd/Ance/CG33306/CG31704/w/ry/Acp36DE/Spn75F/Est-6/CG42564/Yp2/AttB/Acer/AttA/Acp24A4/CG4847/CG16713/DptA/IM33/Yp3	35	0.304347826086957	1
hour_6	D013570	Synaptic Membranes	117	-0.394464839260399	-1.53379790128081	0.00701092085748955	0.0565255494135095	0.044125751888147	3020	tags=44%, list=29%, signal=31%	scramb1/Ank/Amph/Sec63/Vha100-1/rpr/Sgt/wit/sif/comt/CaMKII/Nrx-1/alphaSnap/CG9804/futsch/Frq1/Syx1A/Pka-C1/elav/Bsg/TrpA1/Past1/fz2/Synd/Galphaq/Cals/eag/unc-13/Rim/CG33523/cac/Rdl/ChAT/nwk/Snap25/Gad1/Syt1/Sh/chp/Chc/brp/slo/cpx/eys/w/nSyb/pros/Eaat1/para/VGlut/Eaat2	51	0.435897435897436	1
hour_6	D008214	Lymphocytes	63	0.399849765350112	1.58706563403801	0.00720777185835161	0.0569266879424913	0.0444388941642731	2275	tags=41%, list=22%, signal=32%	brat/mam/Psc/mxc/Wnt5/Psn/Pcl/wun2/Fur2/Smn/CG2310/esc/Scm/Su(var)2-10/RpII15/N/stg/CycB/mei-41/Tnks/Taz/Larp7/trx/l(2)37Cd/cact/brm	26	0.412698412698413	1
hour_6	D002466	Cell Nucleolus	414	0.246024338300968	1.26985513605899	0.00781928757602085	0.0605212858384014	0.0472449586172207	1817	tags=21%, list=17%, signal=18%	RpL22/RpL26/nej/RpS8/RpL8/brat/cid/Ing3/Cyp1/RpL28/RpL13A/RpS9/E(Pc)/PPO2/Trf4-2/osa/dj/glo/mod(mdg4)/CycE/twe/RpS24/Atx2/CG2852/RpL24/RpS6/Pen/RpL32/snRNA:U1:95Cc/Sec16/Ranbp21/RpL35A/Nup205/p53/ph-d/RpL10Ab/Mst87F/otu/Pxt/Smn/RpL15/RpL12/Irbp/orb/Cap-D2/Map205/RpL5/Sec13/RpL7A/Sin3A/RpL39/RpL18A/RpII15/Fib/CycB3/Imp/mei-P26/bw/sta/Taf4/CG9135/Cdk7/tral/CycC/CG14860/cal1/bam/CG6967/stg/Act5C/CycB/CG33332/Rcc1/HnRNP-K/Tip60/snRNA:U1:82Eb/RpS3/RpS12/nonA-l/su(w[a])/Spt6/Tor/wech/vas/CycD/RpS4	86	0.207729468599034	1
hour_6	D009830	Olfactory Bulb	196	-0.347187142949596	-1.43771624851242	0.00832282471626734	0.0631555522587345	0.0493013559044113	2415	tags=37%, list=23%, signal=29%	Gtp-bp/PTPMT1/Cyp6a23/Obp19d/Obp56f/CAP/futsch/Pka-C1/MFS14/pan/Sra-1/elav/shakB/Oamb/bor/Gart/Cds/beta'COP/Obp83ef/SPARC/CG31676/Pfrx/alphaTub84B/fz2/spoon/CadN/Obp56g/cry/vvl/CG30427/DAT/AlaRS/Obp56a/fru/eag/sli/CG45263/repo/Rbfox1/ChAT/svp/Gad1/Syt1/AcCoAS/Sh/vir-1/brp/bdl/Cyp28a5/Pgm1/grass/Mdr65/Cyp6a8/Obp99b/PlexB/eys/w/ry/Acp36DE/nSyb/Gale/pros/Eaat1/Nmdar1/para/Nplp2/Cyt-b5-r/Obp99a/Obp57c/sv/Tret1-1/Dop1R1	72	0.36734693877551	1
hour_6	D064047	Spindle Poles	17	0.620476934155238	1.80477459820805	0.00901999024865919	0.066257634336303	0.0517229458847245	2565	tags=47%, list=25%, signal=36%	Dhc64C/spd-2/CycB3/ana2/CycB/Cenp-C/Sas-6/Klp61F	8	0.470588235294118	1
hour_6	D013601	T-Lymphocytes	49	0.42982960345746	1.61856775528378	0.00910960916838084	0.066257634336303	0.0517229458847245	2833	tags=51%, list=27%, signal=37%	bcd/lid/rho/H/feo/Pvf2/olf186-F/Pvf1/N/scra/thr/CanA-14F/PSR/CanB/spz/tkv/dl/cact/stau/Act57B/Dl/psq/Su(H)/sax/NFAT	25	0.510204081632653	1
hour_6	D013172	Spores, Fungal	18	-0.635098120193829	-1.72482027037323	0.00924525130273996	0.066257634336303	0.0517229458847245	979	tags=44%, list=9%, signal=40%	Drs/Mtk/Top2/Dif/psh/GNBP3/DptA/nec	8	0.444444444444444	1
hour_6	D020651	Ventral Thalamic Nuclei	22	-0.597708036684731	-1.69371752106126	0.0104912572855953	0.0738203012640981	0.0576266189658538	1031	tags=41%, list=10%, signal=37%	Oamb/cry/Clk/Octbeta1R/Dh31-R/Pdp1/tim/Pdfr/Irk1	9	0.409090909090909	1
hour_6	D009831	Olfactory Mucosa	37	-0.518626828901145	-1.6482654749764	0.0111723052714398	0.0772086096437001	0.0602716468590832	699	tags=30%, list=7%, signal=28%	dve/Obp99b/pros/Obp99c/Obp44a/Rh6/Rh5/Rh3/Obp99a/Obp57c/ninaE	11	0.297297297297297	1
hour_6	D009434	Neural Pathways	452	-0.293379441206631	-1.30876967870884	0.0119366354306113	0.0810434721341506	0.0632652699646436	1408	tags=25%, list=14%, signal=22%	Sra-1/eff/pain/Cam/elav/shakB/IP3K2/Oamb/Ptth/Lim3/Alk/Sec23/fra/Khc/mbm/Burs/smt3/dsx/TrpA1/zip/jus/CadN/cry/vvl/qvr/ed/Galphaq/DAT/Nplp1/ITP/Elp3/Dh44/fru/eag/sli/inaD/Alp4/repo/CNMa/nAChRalpha7/cac/dally/Sar1/bun/mbc/Rdl/Dscam2/Clk/ChAT/svp/ap/Rel/mAChR-A/Gad1/Syt1/scb/Sik2/Sh/chp/NPF/amd/brp/Syn/Con/slo/nrv2/Pkd2/PlexB/unc-5/Ubi-p5E/nvy/Gbeta76C/Top2/Ilp6/w/tau/Pdp1/nSyb/tim/Ubi-p63E/pros/rad/inaC/Nmdar1/Npc1b/scrt/Syp/yuri/if/moody/FMRFa/para/Nplp2/VGlut/Hn/Orcokinin/Ggamma30A/trpl/Rh6/Rh5/CCHa2/Rh3/Antp/CG17646/Pdfr/ninaE/trp/Arr2/Dop1R1/Nplp3/Hsp70Bb	111	0.245575221238938	1
hour_6	D014617	Vacuoles	310	-0.310949565038202	-1.3469990385993	0.0139118132515916	0.0907625964593736	0.0708523464812736	1827	tags=20%, list=18%, signal=17%	Snx6/TRAM/Vps26/Syx4/Bace/Vps35/alphaTub84B/Vha68-2/fiz/egr/CG17752/salt/Skeletor/Appl/Atg8a/CG10560/Vps2/Flo1/CG3106/CG10514/CG3285/CrebA/sip3/CG15406/Sec22/repo/Hsc70-3/Sar1/Alp13/santa-maria/Lerp/Drs/ChAT/NimB1/NimB5/Rel/Jon65Aiv/Syt1/Jon74E/alphaTry/Ubqn/chp/CG31198/Chc/scpr-A/CG18088/Ance/CG3829/w/sty/Dif/para/AttA/NimB2/DptA/alpha-Est7/CG12374/CG31326/nec/CG2736/Lsd-1/CG12506	62	0.2	1
hour_6	D039901	Totipotent Stem Cells	28	0.49430446714485	1.64002104342021	0.013943699026572	0.0907625964593736	0.0708523464812736	2273	tags=50%, list=22%, signal=39%	bcd/grk/osk/me31B/orb/Not1/nos/pum/tral/upd1/vas/gcl/twin/Pop2	14	0.5	1
hour_6	D013093	Spermatogonia	176	0.288093762656578	1.35156786940243	0.0140717203812982	0.0907625964593736	0.0708523464812736	1772	tags=26%, list=17%, signal=22%	cid/RpL13A/mam/dj/CG31176/twe/Apc2/enc/p53/SmB/wun2/dome/MED7/zfh1/kto/MED1/hang/spd-2/Sox100B/MED20/MED11/MED4/N/scra/mei-P26/Spec2/Mip/nos/pum/Apc/bam/pasi2/stg/Act5C/CycB/mav/Pdk1/Usp47/Traf6/CG9220/MED6/Lrrk/beag/Sf3b5/upd1/vas	46	0.261363636363636	1
hour_6	D025042	Amacrine Cells	25	-0.563946133172127	-1.65093643305296	0.0144096937940069	0.0914188770209945	0.0713646612403792	1162	tags=32%, list=11%, signal=28%	cac/ChAT/GluClalpha/Ih/Nmdar1/VGlut/Ekar/ninaE	8	0.32	1
hour_6	D054259	Neural Tube	47	0.420318282387943	1.56766297034601	0.0148818208345492	0.0928913655317827	0.0725141354756471	2864	tags=47%, list=27%, signal=34%	hb/pyd/bcd/Abl/Med/rho/vnd/baz/fz/Rok/dsh/Drak/Shrm/tkv/dl/Vinc/Mhc/rl/Mad/sax/tld/cad	22	0.468085106382979	1
hour_6	D014411	Neoplastic Stem Cells	167	0.292412925649165	1.36455704636208	0.0151312861593235	0.0929493292644161	0.0725593839219024	1846	tags=25%, list=18%, signal=21%	brat/osa/mam/ham/CycE/yki/p53/CG8184/Pvf2/LIMK1/CycT/dome/wts/Krn/dco/AstA/Mer/Su(var)3-3/N/mei-P26/baz/nos/Apc/jub/Sod1/aurA/rictor/Dsor1/PSR/Pez/neur/ND-75/bam/stg/Patj/sav/aph-1/mats/Tor/upd1/vas/Myt1	42	0.251497005988024	1
hour_6	D013493	Suprachiasmatic Nucleus	34	-0.517468409539352	-1.61869834609248	0.0155161494616846	0.0930552823135943	0.0726420944485287	3156	tags=50%, list=30%, signal=35%	CkIIalpha/hh/wake/sgg/Nf1/dnc/Dh31/Pka-C1/TrpA1/to/cry/Clk/Dh31-R/Pdp1/tim/Pdfr/ninaE	17	0.5	1
hour_6	D004912	Erythrocytes	84	-0.408934376814165	-1.50949541009107	0.0156294401818699	0.0930552823135943	0.0726420944485287	2107	tags=30%, list=20%, signal=24%	CG12004/eff/Alp12/CG6055/foxo/Mp/CG15765/Ace/Myc/Ostgamma/CG8343/Mgat2/lectin-37Db/bark/CG14500/CG2839/lectin-28C/w/Ubi-p63E/rgn/CG13086/CG7763/Antp/Pdfr/lectin-24A	25	0.297619047619048	1
hour_6	D057907	Post-Synaptic Density	66	-0.433982209569455	-1.54151745300468	0.0160537069468768	0.0941330998248686	0.073483475179484	1327	tags=39%, list=13%, signal=35%	Cdep/Nrx-1/RhoGAP100F/futsch/CG17271/NAT1/CG15701/Rab3-GEF/SF1/nAChRalpha7/Zasp52/nAChRalpha6/AGO2/ChAT/Syt1/Ubqn/Sh/brp/Con/nolo/Eaat1/hig/mGluR/nAChRalpha5/Syt7/teq	26	0.393939393939394	1
hour_6	D012463	Saliva	18	-0.613723932004451	-1.66677155021553	0.0163052613884687	0.0941811366766771	0.0735209743674863	979	tags=67%, list=9%, signal=61%	mew/rpr/dnc/ItgaPS4/Itgbn/Drs/Mtk/scb/w/tim/if/AttB	12	0.666666666666667	1
hour_6	D010870	Pineal Gland	14	-0.653180998673657	-1.66053676788382	0.0170249355116079	0.096891912396945	0.075637097396772	495	tags=29%, list=5%, signal=27%	tim/tsh/sv/toy	4	0.285714285714286	1
